<?xml version="1.0" encoding="UTF-8"?>
<!DOCTYPE hibernate-configuration PUBLIC "-//Hibernate/Hibernate Configuration DTD 3.0//EN" "http://hibernate.sourceforge.net/hibernate-configuration-3.0.dtd">
<hibernate-configuration>
	<session-factory>
		<!--  Database connection properties -->
		
 		 
		<property name="hibernate.connection.driver_class">oracle.jdbc.driver.OracleDriver</property>
        <property name="hibernate.connection.url">jdbc:oracle:thin:@localhost:1521:XE</property>
        <property name="hibernate.connection.username">capgdb</property>
        <property name="hibernate.connection.password">capgdb</property>
        <property name="dialect">org.hibernate.dialect.OracleDialect</property>

		 
		 <!-- 		 
		<property name="hibernate.connection.driver_class">com.mysql.jdbc.Driver</property>
        <property name="hibernate.connection.url">jdbc:mysql://localhost:3306/mydb</property>
        <property name="hibernate.connection.username">root</property>
        <property name="hibernate.connection.password">root</property>
        <property name="dialect">org.hibernate.dialect.MySQLDialect</property>			
			-->		
		
		
		<!-- Disable autocommit mode -->
		<property name="hibernate.connection.autocommit">
			false
		</property>
             <property name="hibernate.hbm2ddl.auto">update</property>   
		<!-- Print all generated SQL statements to the console -->
		<property name="hibernate.show_sql">true</property>
		<property name="hibernate.format_sql">true</property>
		<property name="hibernate.use_sql_comments">true</property>
		
			<!-- Use JDBC transactions -->
		<property name="hibernate.transaction.factory_class">
			org.hibernate.transaction.JDBCTransactionFactory
		</property>
		
		<!-- Mapping POJO to TABLE in underlying Database. -->
		<mapping class="com.capg.assessment.bean.AccountBean"/>
		<mapping class="com.capg.assessment.bean.TransactionBean"/>

	</session-factory>
</hibernate-configuration>
