<!DOCTYPE beans PUBLIC "-//SPRING//DTD BEAN 2.0//EN" "http://www.springframework.org/dtd/spring-beans-2.0.dtd">
<beans>    <!-- Step 7 -->
<bean id="dataSourceStudent"
		class="org.springframework.jdbc.datasource.DriverManagerDataSource">
		<property name="driverClassName">     <!-- Step 8 -->
			<value>oracle.jdbc.driver.OracleDriver</value>
		</property>
		<property name="url">
			<value>jdbc:oracle:thin:@localhost:1521:XE</value>
		</property>
		<property name="username">
			<value>capgdb</value>
		</property>
		<property name="password">
			<value>capgdb</value>
		</property>
	</bean>
	           <!-- Step 4 -->        
	 <bean id="studentDao" class="com.capg.spring.StudentDaoImpl"  >
		 <property name="dataSource">    
			<ref bean="dataSourceStudent" />  
		</property> 
	</bean>  	
	
	
	
	
	
	
	
	<!-- dataSource  : whants data base connection  -->
	
	
	
</beans>